{"assets/bg.png":["assets/bg.png"],"assets/bg2.jpg":["assets/bg2.jpg"],"assets/circle.png":["assets/circle.png"],"assets/download.png":["assets/download.png"],"assets/img1.jpeg":["assets/img1.jpeg"],"assets/img2.jpeg":["assets/img2.jpeg"],"assets/img3.jpeg":["assets/img3.jpeg"],"assets/mountain.png":["assets/mountain.png"],"assets/profile2.png":["assets/profile2.png"],"assets/t.jpg":["assets/t.jpg"],"assets/travel_plane_corona.png":["assets/travel_plane_corona.png"],"packages/cupertino_icons/assets/CupertinoIcons.ttf":["packages/cupertino_icons/assets/CupertinoIcons.ttf"],"packages/flutter_google_places/assets/google_black.png":["packages/flutter_google_places/assets/google_black.png"],"packages/flutter_google_places/assets/google_white.png":["packages/flutter_google_places/assets/google_white.png"],"packages/fluttertoast/assets/toastify.css":["packages/fluttertoast/assets/toastify.css"],"packages/fluttertoast/assets/toastify.js":["packages/fluttertoast/assets/toastify.js"]}